"","name","region","indeksWolnosci","ustroj","system","prawo","populacja","gdpPerCapita","bezrobocie","inflacja","podatki","podatekDochodowy"
"1","Afghanistan","Asia-Pacific",NA,2,0,2,31.3,1937,9.1,4.6,6.6,20
"2","Angola","Sub-Saharan Africa",48.9,2,0,2,24.4,7203,6.8,7.3,6,17
"3","Albania","Europe",65.9,3,2,3,2.8,11377,16.1,1.6,21.7,23
"4","United Arab Emirates","Middle East / North Africa",72.6,1,0,1,9.3,64479,3.6,2.3,22.4,0
"5","Argentina","South and Central America / Caribbean",43.8,3,0,2,42,22582,8.2,37.6,30.6,35
"6","Armenia","Europe",67,2,0,3,3.3,7374,17.1,3.1,23.4,26
"7","Antarctica",NA,NA,NA,NA,NA,NA,NA,NA,NA,NA,NA
"8","Fr. S. Antarctic Lands","Europe",62.3,3,2,2,63.9,40375,9.9,0.6,45,45
"9","Australia","Asia-Pacific",80.3,3,2,1,23.6,46433,6,2.5,27.5,45
"10","Austria","Europe",71.7,3,2,4,8.5,46420,5,1.5,42.5,50
"11","Azerbaijan","Asia-Pacific",60.2,1,0,3,9.4,17618,5.2,1.4,13.3,25
"12","Burundi","Sub-Saharan Africa",53.9,3,0,2,9.2,911,6.9,4.4,13.1,35
"13","Belgium","Europe",68.4,3,2,2,11.2,42973,8.5,0.5,44.6,50
"14","Benin","Sub-Saharan Africa",59.3,3,0,2,10.6,1870,1,-1,16.3,45
"15","Burkina Faso","Sub-Saharan Africa",59.1,2,0,2,17.4,1682,3.1,-0.3,14.5,27.5
"16","Bangladesh","Asia-Pacific",53.3,2,2,1,158.2,3373,4.3,7,9,25
"17","Bulgaria","Europe",65.9,3,2,3,7.2,17860,11.6,-1.6,26.3,10
"18","Bahamas","South and Central America / Caribbean",70.9,NA,2,1,0.4,25049,15.4,1.2,14.4,0
"19","Bosnia and Herz.","Europe",58.6,NA,2,3,3.9,9833,27.9,-0.9,37.6,10
"20","Belarus","Europe",48.8,1,0,3,9.5,18161,5.9,18.1,25.4,13
"21","Belize","South and Central America / Caribbean",57.4,NA,2,1,0.4,8248,11.5,0.9,23.2,25
"22","Bolivia","South and Central America / Caribbean",47.4,3,0,2,11.2,6221,2.7,5.8,23.8,13
"23","Brazil","South and Central America / Caribbean",56.5,3,0,2,202.8,16096,6.8,6.3,33.4,27.5
"24","Brunei","Asia-Pacific",67.3,NA,0,NA,0.4,73233,3.8,-0.2,30,0
"25","Bhutan","Asia-Pacific",59.5,2,0,1,0.8,7641,2.8,7.7,13,25
"26","Botswana","Sub-Saharan Africa",71.1,3,2,1,2.1,16036,18.2,3.9,31.3,25
"27","Central African Rep.","Sub-Saharan Africa",45.2,2,0,2,4.7,607,7.4,15,5.2,50
"28","Canada","North America",78,3,2,1,35.5,44843,6.9,1.9,30.6,29
"29","Switzerland","Europe",81,3,2,4,8.1,58087,4.5,0,27.1,40
"30","Chile","South and Central America / Caribbean",77.7,3,0,2,17.8,22971,6.4,4.4,20.2,40
"31","China","Asia-Pacific",52,1,1,3,1367.8,12880,4.7,2,19.4,45
"32","Cote d'Ivoire","Sub-Saharan Africa",60,2,0,2,22.7,3131,4,0.4,15.7,36
"33","Cameroon","Sub-Saharan Africa",54.2,2,0,2,22.5,2981,4.3,1.9,11.3,35
"34","Dem. Rep. Congo","Sub-Saharan Africa",46.4,2,0,2,79.3,704,8,1,13,30
"35","Congo","Sub-Saharan Africa",42.8,2,0,2,4.3,6559,6.5,0.9,11.2,45
"36","Colombia","South and Central America / Caribbean",70.8,3,0,2,47.7,13430,10.1,2.9,16.5,33
"37","Costa Rica","South and Central America / Caribbean",67.4,3,0,2,4.8,14864,8.3,3.2,23.2,25
"38","Cuba","South and Central America / Caribbean",29.8,1,1,3,11.2,11950,NA,5.3,37.3,50
"39","N. Cyprus",NA,NA,NA,NA,NA,NA,NA,NA,NA,NA,NA
"40","Cyprus","Europe",68.7,3,0,1,0.9,30769,15.6,-0.3,31.8,35
"41","Czech Rep.","Europe",73.2,3,2,3,10.5,29925,6.2,0.4,34.1,15
"42","Germany","Europe",74.4,3,2,4,81.1,45888,5,0.8,36.7,47.5
"43","Djibouti","Sub-Saharan Africa",56,2,0,2,0.9,3051,60,2.9,20.3,30
"44","Denmark","Europe",75.3,3,2,5,5.6,44343,6.6,0.6,48.6,56
"45","Dominican Rep.","South and Central America / Caribbean",61,3,0,2,10.6,13012,15,3,13.9,25
"46","Algeria","Middle East / North Africa",50.1,2,0,2,38.7,14259,9.5,2.9,12.2,35
"47","Ecuador","South and Central America / Caribbean",48.6,2,0,2,16,11244,4.6,3.6,19.3,35
"48","Egypt","Middle East / North Africa",56,2,0,2,86.7,10877,13.2,10.1,13.9,25
"49","Eritrea","Sub-Saharan Africa",42.7,1,1,2,6.5,1195,7.2,12.3,10.7,30
"50","Spain","Europe",68.5,3,2,2,46.5,33711,24.7,-0.2,32.6,47
"51","Estonia","Europe",77.2,3,1,3,1.3,26999,7.7,0.5,31.8,20
"52","Ethiopia","Sub-Saharan Africa",51.5,2,2,2,91,1589,5.2,7.4,12.4,35
"53","Finland","Europe",72.6,3,2,5,5.5,40347,8.6,1.2,44,31.8
"54","Fiji","Asia-Pacific",58.8,2,2,1,0.9,8236,7.9,0.5,25.3,29
"55","Falkland Is.","Europe",76.4,3,2,1,64.5,39511,6.3,1.5,32.9,45
"56","France","Europe",62.3,3,2,2,63.9,40375,9.9,0.6,45,45
"57","Gabon","Sub-Saharan Africa",59,2,0,2,1.6,22924,19.7,4.5,10.6,35
"58","United Kingdom","Europe",76.4,3,2,1,64.5,39511,6.3,1.5,32.9,45
"59","Georgia","Europe",72.6,3,0,3,4.5,7653,13.4,3.1,24.8,20
"60","Ghana","Sub-Saharan Africa",63,3,0,1,26.2,4129,2.4,15.5,16.1,25
"61","Guinea","Sub-Saharan Africa",53.3,2,0,2,11.4,1313,1.8,9.7,17.9,40
"62","Gambia","Sub-Saharan Africa",57.1,2,0,1,1.9,1599,7,6.3,14.3,35
"63","Guinea-Bissau","Sub-Saharan Africa",51.8,3,0,2,1.7,1436,6.9,-1,6.5,20
"64","Eq. Guinea","Sub-Saharan Africa",43.7,2,0,2,0.8,32266,7.9,3,2.3,35
"65","Greece","Europe",53.2,3,2,2,11,25859,26.3,-1.4,33.5,42
"66","Greenland","Europe",75.3,3,2,5,5.6,44343,6.6,0.6,48.6,56
"67","Guatemala","South and Central America / Caribbean",61.8,3,0,2,15.9,7503,2.9,3.4,13,31
"68","Guyana","South and Central America / Caribbean",55.4,3,1,1,0.8,6895,11.1,1,20.6,33.3
"69","Honduras","South and Central America / Caribbean",57.7,3,0,2,8.3,4729,3.9,6.1,18.1,25
"70","Croatia","Europe",59.1,3,2,3,4.2,20889,16.7,-0.2,30.4,40
"71","Haiti","South and Central America / Caribbean",51.3,2,0,2,10.5,1750,6.8,3.9,12.2,30
"72","Hungary","Europe",66,3,2,3,9.9,24942,7.8,-0.3,38.9,16
"73","Indonesia","Asia-Pacific",59.4,3,0,2,251.5,10641,6.2,6.4,11.8,30
"74","India","Asia-Pacific",56.2,3,2,1,1259.7,5855,3.6,6,16.7,30.9
"75","Ireland","Europe",77.3,3,2,1,4.6,49195,11.6,0.3,28.3,41
"76","Iran","Middle East / North Africa",43.5,1,0,2,78,17114,12.8,15.5,5.8,35
"77","Iraq",NA,NA,NA,NA,NA,NA,NA,NA,NA,NA,NA
"78","Iceland","Europe",73.3,NA,2,5,0.3,43637,5,2,35.5,31.8
"79","Israel","Middle East / North Africa",70.7,3,2,1,8.2,32691,6.1,0.5,30.5,48
"80","Italy","Europe",61.2,3,2,2,60,35486,12.5,0.2,42.6,43
"81","Jamaica","South and Central America / Caribbean",67.5,3,2,1,2.8,8609,13.2,7.1,24,25
"82","Jordan","Middle East / North Africa",68.3,2,0,2,6.7,11927,11.1,2.9,15.3,14
"83","Japan","Asia-Pacific",73.1,3,2,4,127.1,37390,3.7,2.7,30.3,40.8
"84","Kazakhstan","Asia-Pacific",63.6,1,0,3,17.4,24020,4.1,6.7,14,10
"85","Kenya","Sub-Saharan Africa",57.5,3,0,1,42.9,3084,9.2,6.9,16.2,30
"86","Kyrgyzstan","Asia-Pacific",59.6,3,0,3,5.7,3361,8.1,7.5,20.8,10
"87","Cambodia","Asia-Pacific",57.9,2,2,3,15.3,3263,0.4,3.9,12.4,20
"88","Korea","Asia-Pacific",71.7,3,0,4,50.4,35277,3.5,1.3,24.3,38
"89","Kosovo","Europe",61.4,3,NA,NA,1.87,9037,30,0.4,21,10
"90","Kuwait","Middle East / North Africa",62.7,1,0,2,4,71020,3,2.9,0.7,0
"91","Laos","Asia-Pacific",49.8,1,1,3,6.9,4987,1.4,4.1,15.3,24
"92","Lebanon","Middle East / North Africa",59.5,3,1,2,4.5,17986,6.4,1.9,15.5,20
"93","Liberia","Sub-Saharan Africa",52.2,3,0,1,4.2,882,3.8,9.9,19.2,25
"94","Libya","Middle East / North Africa",NA,2,0,2,6.2,15706,19.2,2.8,0.7,10
"95","Sri Lanka","Asia-Pacific",59.9,2,0,1,21,10372,4.6,3.3,11.6,24
"96","Lesotho","Sub-Saharan Africa",50.6,3,2,1,1.9,2764,26.2,3.9,47.3,35
"97","Lithuania","Europe",75.2,3,0,3,2.9,27051,11.3,0.2,16,15
"98","Luxembourg","Europe",73.9,3,2,2,0.6,92049,6.1,0.7,39.3,43.6
"99","Latvia","Europe",70.4,3,2,3,2,23707,10,0.7,27.7,23
"100","Morocco","Middle East / North Africa",61.3,2,0,2,33.2,7606,10.2,0.4,22.4,38
"101","Moldova","Europe",57.4,3,1,3,3.6,4979,3.4,5.1,31.5,18
"102","Madagascar","Sub-Saharan Africa",61.1,3,0,2,23.6,1437,3.6,6.1,9.3,20
"103","Mexico","North America",65.2,3,0,2,119.7,17881,4.9,4,19.7,35
"104","Macedonia","Europe",67.5,3,2,3,2.1,13349,27.9,-0.1,24.2,10
"105","Mali","Sub-Saharan Africa",56.5,2,0,2,15.8,1729,8.1,0.9,12.2,40
"106","Myanmar","Asia-Pacific",48.7,2,0,3,51.4,4706,3.3,5.9,6.1,20
"107","Montenegro","Europe",64.9,3,NA,NA,0.6,14996,19.1,-0.7,26,9
"108","Mongolia","Asia-Pacific",59.4,3,0,3,2.9,11882,4.8,12.9,28.8,10
"109","Mozambique","Sub-Saharan Africa",53.2,3,0,2,26.5,1174,22.6,2.3,22.9,32
"110","Mauritania","Sub-Saharan Africa",54.8,2,0,2,3.6,4288,31,3.5,17.7,30
"111","Malawi","Sub-Saharan Africa",51.8,3,0,1,17.6,780,7.5,23.8,17.4,30
"112","Malaysia","Asia-Pacific",71.5,2,2,1,30.3,24654,2,3.1,15.8,25
"113","Namibia","Sub-Saharan Africa",61.9,3,0,1,2.2,10765,18.6,5.3,32.1,37
"114","New Caledonia","Europe",62.3,3,2,2,63.9,40375,9.9,0.6,45,45
"115","Niger","Sub-Saharan Africa",54.3,3,0,2,17.1,1048,5.1,-0.9,15.8,35
"116","Nigeria","Sub-Saharan Africa",57.5,2,0,1,173.9,6031,7.5,8.1,3.1,24
"117","Nicaragua","South and Central America / Caribbean",58.6,3,0,2,6.2,4736,5.3,6,20,30
"118","Netherlands","Europe",74.6,3,2,2,16.9,47355,6.9,0.3,37.4,52
"119","Norway","Europe",70.8,3,2,5,5.2,66937,3.4,2,40.8,47.8
"120","Nepal","Asia-Pacific",50.9,3,2,1,28.1,2376,2.7,9,15.3,25
"121","New Zealand","Asia-Pacific",81.6,3,2,1,4.5,35152,5.6,1.2,32.1,33
"122","Oman","Middle East / North Africa",67.1,1,0,2,4.1,39681,7.2,1,2.6,0
"123","Pakistan","Asia-Pacific",55.9,3,1,1,186.3,4736,5.2,8.6,10.5,30
"124","Panama","South and Central America / Caribbean",64.8,3,0,2,3.9,19455,4.3,2.6,17.7,25
"125","Peru","South and Central America / Caribbean",67.4,3,0,2,31.4,11817,4.2,3.2,18.6,30
"126","Philippines","Asia-Pacific",63.1,3,0,2,99.4,6962,7.1,4.2,13.3,32
"127","Papua New Guinea","Asia-Pacific",53.2,2,2,1,7.5,2399,2.5,5.3,24.7,42
"128","Poland","Europe",69.3,3,0,3,38,25105,9.2,0,32.7,32
"129","Puerto Rico","North America",75.4,3,0,1,319,54597,6.2,1.6,25.4,39.6
"130","Dem. Rep. Korea",NA,NA,NA,NA,NA,NA,NA,NA,NA,NA,NA
"131","Portugal","Europe",65.1,3,2,2,10.4,26975,14.2,-0.2,33.4,48
"132","Paraguay","South and Central America / Caribbean",61.5,3,0,2,6.9,8449,4.5,5,13.1,10
"133","Palestine","Middle East / North Africa",70.7,3,2,1,8.2,32691,6.1,0.5,30.5,48
"134","Qatar","Middle East / North Africa",70.7,1,0,2,2.2,143427,0.3,3,5.2,0
"135","Romania","Europe",65.6,3,2,3,19.9,19712,7,1.1,27.2,16
"136","Russia","Europe",50.6,2,0,3,143.7,24805,5.1,7.8,34.8,13
"137","Rwanda","Sub-Saharan Africa",63.1,2,0,2,11.1,1698,0.6,1.8,13.9,30
"138","W. Sahara",NA,NA,NA,NA,NA,NA,NA,NA,NA,NA,NA
"139","Saudi Arabia","Middle East / North Africa",62.1,1,0,1,30.8,52183,5.6,2.7,4.3,2.5
"140","Sudan","Sub-Saharan Africa",NA,2,0,1,37.3,4267,14.8,36.9,6.1,10
"141","S. Sudan",NA,NA,NA,NA,NA,NA,NA,NA,NA,NA,NA
"142","Senegal","Sub-Saharan Africa",58.1,3,0,2,14.5,2311,10,-0.5,18.4,40
"143","Solomon Is.","Asia-Pacific",47,3,2,1,0.6,1895,3.9,5.1,36.9,40
"144","Sierra Leone","Sub-Saharan Africa",52.3,3,0,1,6.2,2027,3.3,8.3,8.8,30
"145","El Salvador","South and Central America / Caribbean",65.1,3,0,2,6.4,8021,6.2,1.1,17.1,30
"146","Somaliland",NA,NA,NA,NA,NA,NA,NA,NA,NA,NA,NA
"147","Somalia",NA,NA,NA,NA,NA,NA,NA,NA,NA,NA,NA
"148","Serbia","Europe",62.1,3,NA,NA,7.2,13329,22.2,2.1,33.4,15
"149","Suriname","South and Central America / Caribbean",53.8,2,2,2,0.6,16623,5.6,3.4,17.9,38
"150","Slovakia","Europe",66.6,3,2,3,5.4,28175,13.3,-0.1,29.6,25
"151","Slovenia","Europe",60.6,3,2,3,2.1,29658,9.5,0.2,36.8,50
"152","Sweden","Europe",72,3,2,5,9.7,45986,8,-0.2,42.8,57
"153","Swaziland","Sub-Saharan Africa",59.7,1,0,1,1.1,7797,22.3,5.8,32.6,33
"154","Syria",NA,NA,NA,NA,NA,NA,NA,NA,NA,NA,NA
"155","Chad","Sub-Saharan Africa",46.3,2,0,2,11.3,2617,7,1.7,6.6,60
"156","Togo","Sub-Saharan Africa",53.6,2,1,2,7,1450,6.9,0.1,19.5,45
"157","Thailand","Asia-Pacific",63.9,2,2,1,68.7,14354,0.9,1.9,16.2,35
"158","Tajikistan","Asia-Pacific",51.3,2,0,3,8.3,2688,10.9,6.1,21,13
"159","Turkmenistan","Asia-Pacific",41.9,1,0,3,5.8,14165,10.5,6,17.4,10
"160","Timor-Leste",NA,NA,NA,NA,NA,NA,NA,NA,NA,NA,NA
"161","Trinidad and Tobago","South and Central America / Caribbean",62.9,3,2,1,1.4,32139,4,7,28.4,25
"162","Tunisia","Middle East / North Africa",57.6,3,0,2,11,11300,13.3,4.9,21.7,35
"163","Turkey","Europe",62.1,3,2,2,76.9,19610,9.2,8.9,29.3,35
"164","Taiwan","Asia-Pacific",74.7,3,0,4,23.4,45854,4,1.2,8.7,45
"165","Tanzania","Sub-Saharan Africa",58.5,2,0,1,47.7,2667,3.1,6.1,16.8,30
"166","Uganda","Sub-Saharan Africa",59.3,2,0,1,38,2023,3.8,4.7,13.4,40
"167","Ukraine","Europe",46.8,2,0,3,42.8,8668,7.7,12.1,37.6,20
"168","Uruguay","South and Central America / Caribbean",68.8,3,0,2,3.4,20556,7,8.9,27.4,30
"169","United States","North America",75.4,3,0,1,319,54597,6.2,1.6,25.4,39.6
"170","Uzbekistan","Asia-Pacific",46,1,0,3,30.6,5609,10.6,8.4,19.9,22
"171","Venezuela","South and Central America / Caribbean",33.7,2,0,2,30.5,17695,8.6,62.2,13.9,34
"172","Vietnam","Asia-Pacific",54,1,1,3,90.6,5635,2.3,4.1,18.9,35
"173","Vanuatu","Asia-Pacific",60.8,NA,2,1,0.3,2608,NA,1,17.2,0
"174","Yemen",NA,NA,NA,NA,NA,NA,NA,NA,NA,NA,NA
"175","South Africa","Sub-Saharan Africa",61.9,3,1,1,54,13046,25.1,6.1,24.7,40
"176","Zambia","Sub-Saharan Africa",58.8,3,0,1,15,4064,13.3,7.9,14.7,35
"177","Zimbabwe","Sub-Saharan Africa",38.2,2,0,1,13.3,2046,5.4,-0.2,25.3,51.5
